{
  "train": {
    "precision": 0.9998825084447055,
    "recall": 0.9999412507710836,
    "f1": 0.9999118787451533,
    "threshold": 0.44999999999999996,
    "confusion_matrix": [
      [
        169574,
        4
      ],
      [
        2,
        34041
      ]
    ]
  },
  "valid": {
    "precision": 0.9702070970085988,
    "recall": 0.9311867953039638,
    "f1": 0.9502965599051009,
    "threshold": 0.3,
    "confusion_matrix": [
      [
        42513,
        246
      ],
      [
        592,
        8011
      ]
    ]
  },
  "test": {
    "precision": 0.9302179904785768,
    "recall": 0.915310650887574,
    "f1": 0.9227041133341618,
    "threshold": 0.3,
    "confusion_matrix": [
      [
        37766,
        557
      ],
      [
        687,
        7425
      ]
    ]
  }
}