{
  "train": {
    "precision": 0.9998825015421673,
    "recall": 0.9998825015421673,
    "f1": 0.9998825015421673,
    "threshold": 0.44999999999999996,
    "confusion_matrix": [
      [
        169574,
        4
      ],
      [
        4,
        34039
      ]
    ]
  },
  "valid": {
    "precision": 0.9682249817384952,
    "recall": 0.9244449610600953,
    "f1": 0.9458286257953261,
    "threshold": 0.3,
    "confusion_matrix": [
      [
        42498,
        261
      ],
      [
        650,
        7953
      ]
    ]
  },
  "test": {
    "precision": 0.9240857503152585,
    "recall": 0.903353057199211,
    "f1": 0.9136017952873706,
    "threshold": 0.3,
    "confusion_matrix": [
      [
        37721,
        602
      ],
      [
        784,
        7328
      ]
    ]
  }
}