{
  "train": {
    "precision": 0.9930119416187527,
    "recall": 0.9892782657227623,
    "f1": 0.9911415874510727,
    "confusion_matrix": [
      [
        169341,
        237
      ],
      [
        365,
        33678
      ]
    ]
  },
  "valid": {
    "precision": 0.9662921348314607,
    "recall": 0.9496687202138788,
    "f1": 0.9579083128151015,
    "confusion_matrix": [
      [
        42474,
        285
      ],
      [
        433,
        8170
      ]
    ]
  },
  "test": {
    "precision": 0.9210143169133705,
    "recall": 0.9357741617357002,
    "f1": 0.9283355753943989,
    "confusion_matrix": [
      [
        37672,
        651
      ],
      [
        521,
        7591
      ]
    ]
  }
}